municipio_id,anio,poblacion
6007.0,2010,17072
6014.0,2010,12047
6021.0,2010,10654
6028.0,2010,552902
6077.0,2010,29044
6035.0,2010,342677
6042.0,2010,20337
6049.0,2010,65280
6056.0,2010,301572
6063.0,2010,43823
6070.0,2010,32761
6084.0,2010,20239
6091.0,2010,324244
6098.0,2010,88470
6105.0,2010,34190
6112.0,2010,41336
6119.0,2010,26367
6126.0,2010,94461
6134.0,2010,51892
6140.0,2010,14494
6147.0,2010,22237
6154.0,2010,11570
6161.0,2010,14692
6168.0,2010,8205
6210.0,2010,48703
6218.0,2010,42277
6224.0,2010,64185
6175.0,2010,24890
6182.0,2010,62152
6189.0,2010,15825
6196.0,2010,22933
6203.0,2010,38320
6231.0,2010,16889
6238.0,2010,27042
6245.0,2010,56729
6252.0,2010,213619
6260.0,2010,300959
6266.0,2010,29805
6270.0,2010,163722
6274.0,2010,426005
6277.0,2010,8869
6280.0,2010,39594
6287.0,2010,11130
6294.0,2010,14903
6301.0,2010,17365
6308.0,2010,2816
6315.0,2010,19747
6322.0,2010,10783
6329.0,2010,14889
6336.0,2010,3700
6343.0,2010,11202
6351.0,2010,11261
6357.0,2010,618989
6364.0,2010,87185
6371.0,2010,414196
6385.0,2010,18078
6392.0,2010,30864
6399.0,2010,11826
6406.0,2010,9585
6408.0,2010,181241
6410.0,2010,167824
6412.0,2010,265981
6413.0,2010,90305
6420.0,2010,69633
6427.0,2010,1775816
6441.0,2010,654324
6434.0,2010,459263
6448.0,2010,10210
6455.0,2010,23871
6462.0,2010,16799
6469.0,2010,41808
6476.0,2010,17523
6483.0,2010,36172
6490.0,2010,616279
6497.0,2010,106273
6505.0,2010,19301
6511.0,2010,10188
6515.0,2010,322375
6518.0,2010,21279
6525.0,2010,54181
6532.0,2010,63284
6539.0,2010,528494
6547.0,2010,21034
6553.0,2010,6499
6560.0,2010,452505
6568.0,2010,321109
6574.0,2010,17054
6581.0,2010,92933
6588.0,2010,47722
6595.0,2010,111708
6602.0,2010,30207
6609.0,2010,39776
6616.0,2010,5887
6623.0,2010,104590
6630.0,2010,3640
6638.0,2010,299077
6644.0,2010,25728
6648.0,2010,81141
6651.0,2010,15743
6655.0,2010,9888
6658.0,2010,582943
6665.0,2010,33042
6672.0,2010,15176
6679.0,2010,17143
6686.0,2010,23432
6693.0,2010,12513
6700.0,2010,20749
6707.0,2010,32103
6721.0,2010,8644
6714.0,2010,32653
6728.0,2010,23027
6735.0,2010,23138
6742.0,2010,8399
6749.0,2010,163240
6756.0,2010,292878
6760.0,2010,276190
6763.0,2010,145857
6770.0,2010,59036
6778.0,2010,59478
6784.0,2010,10081
6791.0,2010,123871
6798.0,2010,9178
6805.0,2010,376381
6812.0,2010,1764
6819.0,2010,12723
6826.0,2010,43021
6833.0,2010,57110
6840.0,2010,340071
6847.0,2010,8700
6854.0,2010,35842
6861.0,2010,269420
6868.0,2010,31730
6875.0,2010,31014
6882.0,2010,114269
6007.0,2011,17249.0
6014.0,2011,12142.0
6021.0,2011,10773.0
6028.0,2011,561349.0
6077.0,2011,29473.0
6035.0,2011,346847.0
6042.0,2011,20588.0
6049.0,2011,66029.0
6056.0,2011,304829.0
6063.0,2011,44349.0
6070.0,2011,33325.0
6084.0,2011,20440.0
6091.0,2011,330277.0
6098.0,2011,89877.0
6105.0,2011,34626.0
6112.0,2011,41756.0
6119.0,2011,26960.0
6126.0,2011,96152.0
6134.0,2011,53205.0
6140.0,2011,14767.0
6147.0,2011,22544.0
6154.0,2011,11679.0
6161.0,2011,14888.0
6168.0,2011,8312.0
6210.0,2011,49431.0
6218.0,2011,37249.99587
6224.0,2011,65066.0
6175.0,2011,25276.0
6182.0,2011,62796.0
6189.0,2011,15911.0
6196.0,2011,23068.0
6203.0,2011,38812.0
6231.0,2011,17138.0
6238.0,2011,27406.0
6245.0,2011,57615.0
6252.0,2011,218766.0
6260.0,2011,308861.0
6266.0,2011,30591.0
6270.0,2011,169284.0
6274.0,2011,436751.0
6277.0,2011,9007.0
6280.0,2011,40293.0
6287.0,2011,11260.0
6294.0,2011,15044.0
6301.0,2011,17665.0
6308.0,2011,2847.0
6315.0,2011,20062.0
6322.0,2011,10866.0
6329.0,2011,15215.0
6336.0,2011,3792.0
6343.0,2011,11343.0
6351.0,2011,11379.0
6357.0,2011,627723.0
6364.0,2011,89700.0
6371.0,2011,418790.0
6385.0,2011,18288.0
6392.0,2011,31324.0
6399.0,2011,11988.0
6406.0,2011,9722.0
6408.0,2011,183764.0
6410.0,2011,170292.0
6412.0,2011,271557.0
6413.0,2011,92712.0
6420.0,2011,70933.0
6427.0,2011,1830526.0
6441.0,2011,664746.0
6434.0,2011,463478.0
6448.0,2011,10353.0
6455.0,2011,24127.0
6462.0,2011,16995.0
6466.0,2011,5742.004126
6469.0,2011,42216.0
6476.0,2011,17736.0
6483.0,2011,36765.0
6490.0,2011,624289.0
6497.0,2011,108250.0
6505.0,2011,19121.0
6511.0,2011,10263.0
6515.0,2011,328087.0
6518.0,2011,21782.0
6525.0,2011,55618.0
6532.0,2011,64184.0
6539.0,2011,539009.0
6547.0,2011,21357.0
6553.0,2011,6630.0
6560.0,2011,463151.0
6568.0,2011,323680.0
6574.0,2011,17293.0
6581.0,2011,93970.0
6588.0,2011,48217.0
6595.0,2011,113339.0
6602.0,2011,30610.0
6609.0,2011,40249.0
6616.0,2011,5929.0
6623.0,2011,105906.0
6630.0,2011,3697.0
6638.0,2011,307852.0
6644.0,2011,26410.0
6648.0,2011,83780.0
6651.0,2011,15816.0
6655.0,2011,10028.0
6658.0,2011,594412.0
6665.0,2011,33697.0
6672.0,2011,15385.0
6679.0,2011,16430.0
6686.0,2011,23705.0
6693.0,2011,12535.0
6700.0,2011,21028.0
6707.0,2011,32627.0
6721.0,2011,8721.0
6714.0,2011,33260.0
6728.0,2011,23440.0
6735.0,2011,23504.0
6742.0,2011,8503.0
6749.0,2011,165554.0
6756.0,2011,295428.0
6760.0,2011,280822.0
6763.0,2011,147855.0
6770.0,2011,59911.0
6778.0,2011,61374.0
6784.0,2011,10280.0
6791.0,2011,126170.0
6798.0,2011,9330.0
6805.0,2011,386131.0
6812.0,2011,1783.0
6819.0,2011,12929.0
6826.0,2011,43676.0
6833.0,2011,57502.0
6840.0,2011,343441.0
6847.0,2011,8471.0
6854.0,2011,36247.0
6861.0,2011,271677.0
6868.0,2011,32499.0
6875.0,2011,31710.0
6882.0,2011,116345.0
6007.0,2012,17276.0
6014.0,2012,12116.0
6021.0,2012,10799.0
6028.0,2012,565509.0
6077.0,2012,29690.0
6035.0,2012,347924.0
6042.0,2012,20671.0
6049.0,2012,66221.0
6056.0,2012,305445.0
6063.0,2012,44506.0
6070.0,2012,33677.0
6084.0,2012,20450.0
6091.0,2012,334458.0
6098.0,2012,90675.0
6105.0,2012,34783.0
6112.0,2012,41801.0
6119.0,2012,27436.0
6126.0,2012,97252.0
6134.0,2012,54342.0
6140.0,2012,14957.0
6147.0,2012,22680.0
6154.0,2012,11678.0
6161.0,2012,14967.0
6168.0,2012,8354.0
6210.0,2012,49806.0
6218.0,2012,37622.40442
6224.0,2012,65458.0
6175.0,2012,25487.0
6182.0,2012,62880.0
6189.0,2012,15829.0
6196.0,2012,22965.0
6203.0,2012,38988.0
6231.0,2012,17263.0
6238.0,2012,27559.0
6245.0,2012,58103.0
6252.0,2012,223018.0
6260.0,2012,316567.0
6266.0,2012,31288.0
6270.0,2012,175333.0
6274.0,2012,446287.0
6277.0,2012,9082.0
6280.0,2012,40744.0
6287.0,2012,11286.0
6294.0,2012,15047.0
6301.0,2012,17856.0
6308.0,2012,2852.0
6315.0,2012,20241.0
6322.0,2012,10839.0
6329.0,2012,15472.0
6336.0,2012,3870.0
6343.0,2012,11392.0
6351.0,2012,11394.0
6357.0,2012,631064.0
6364.0,2012,92041.0
6371.0,2012,419531.0
6385.0,2012,18343.0
6392.0,2012,31555.0
6399.0,2012,12058.0
6406.0,2012,9784.0
6408.0,2012,184914.0
6410.0,2012,171536.0
6412.0,2012,275801.0
6413.0,2012,92811.0
6420.0,2012,71826.0
6427.0,2012,1883251.0
6441.0,2012,670477.0
6434.0,2012,463401.0
6448.0,2012,10417.0
6455.0,2012,24157.0
6462.0,2012,17047.0
6466.0,2012,5809.595576
6469.0,2012,42227.0
6476.0,2012,17799.0
6483.0,2012,37132.0
6490.0,2012,627150.0
6497.0,2012,109603.0
6505.0,2012,19315.0
6511.0,2012,10275.0
6515.0,2012,331834.0
6518.0,2012,22199.0
6525.0,2012,56887.0
6532.0,2012,64607.0
6539.0,2012,546383.0
6547.0,2012,21638.0
6553.0,2012,6718.0
6560.0,2012,472015.0
6568.0,2012,323076.0
6574.0,2012,17399.0
6581.0,2012,94207.0
6588.0,2012,48283.0
6595.0,2012,114137.0
6602.0,2012,30773.0
6609.0,2012,40389.0
6616.0,2012,5960.0
6623.0,2012,106387.0
6630.0,2012,3728.0
6638.0,2012,316084.0
6644.0,2012,27015.0
6648.0,2012,86372.0
6651.0,2012,15761.0
6655.0,2012,10093.0
6658.0,2012,602436.0
6665.0,2012,34173.0
6672.0,2012,15476.0
6679.0,2012,16515.0
6686.0,2012,23779.0
6693.0,2012,12692.0
6700.0,2012,21135.0
6707.0,2012,32936.0
6721.0,2012,8730.0
6714.0,2012,33676.0
6728.0,2012,23709.0
6735.0,2012,23708.0
6742.0,2012,8537.0
6749.0,2012,166646.0
6756.0,2012,294992.0
6760.0,2012,283603.0
6763.0,2012,148727.0
6770.0,2012,60352.0
6778.0,2012,63222.0
6784.0,2012,10424.0
6791.0,2012,127689.0
6798.0,2012,9421.0
6805.0,2012,395623.0
6812.0,2012,1785.0
6819.0,2012,13048.0
6826.0,2012,44025.0
6833.0,2012,57510.0
6840.0,2012,343537.0
6847.0,2012,8508.0
6854.0,2012,36343.0
6861.0,2012,271078.0
6868.0,2012,33147.0
6875.0,2012,32251.0
6882.0,2012,117720.0
6007.0,2013,17303.0
6014.0,2013,12091.0
6021.0,2013,10824.0
6028.0,2013,569911.0
6077.0,2013,29905.0
6035.0,2013,348999.0
6042.0,2013,20752.0
6049.0,2013,66411.0
6056.0,2013,306056.0
6063.0,2013,44662.0
6070.0,2013,34027.0
6084.0,2013,20461.0
6091.0,2013,338647.0
6098.0,2013,91466.0
6105.0,2013,34939.0
6112.0,2013,41846.0
6119.0,2013,27906.0
6126.0,2013,98340.0
6134.0,2013,55468.0
6140.0,2013,15144.0
6147.0,2013,22815.0
6154.0,2013,11677.0
6161.0,2013,15044.0
6168.0,2013,8396.0
6210.0,2013,50179.0
6218.0,2013,37991.42744
6224.0,2013,65845.0
6175.0,2013,25695.0
6182.0,2013,62962.0
6189.0,2013,15747.0
6196.0,2013,22861.0
6203.0,2013,39163.0
6231.0,2013,17387.0
6238.0,2013,27711.0
6245.0,2013,58585.0
6252.0,2013,227205.0
6260.0,2013,323806.0
6266.0,2013,31978.0
6270.0,2013,181122.0
6274.0,2013,455672.0
6277.0,2013,9155.0
6280.0,2013,41191.0
6287.0,2013,11311.0
6294.0,2013,15048.0
6301.0,2013,18045.0
6308.0,2013,2857.0
6315.0,2013,20419.0
6322.0,2013,10814.0
6329.0,2013,15727.0
6336.0,2013,3947.0
6343.0,2013,11441.0
6351.0,2013,11409.0
6357.0,2013,634372.0
6364.0,2013,94357.0
6371.0,2013,420271.0
6385.0,2013,18397.0
6392.0,2013,31784.0
6399.0,2013,12127.0
6406.0,2013,9847.0
6408.0,2013,186052.0
6410.0,2013,172766.0
6412.0,2013,279999.0
6413.0,2013,92911.0
6420.0,2013,72708.0
6427.0,2013,1935394.0
6441.0,2013,676195.0
6434.0,2013,463325.0
6448.0,2013,10481.0
6455.0,2013,24186.0
6462.0,2013,17099.0
6466.0,2013,5876.572559
6469.0,2013,42238.0
6476.0,2013,17863.0
6483.0,2013,37496.0
6490.0,2013,630029.0
6497.0,2013,110942.0
6505.0,2013,19508.0
6511.0,2013,10288.0
6515.0,2013,335491.0
6518.0,2013,22612.0
6525.0,2013,58145.0
6532.0,2013,65025.0
6539.0,2013,554007.0
6547.0,2013,21915.0
6553.0,2013,6807.0
6560.0,2013,481041.0
6568.0,2013,322489.0
6574.0,2013,17505.0
6581.0,2013,94442.0
6588.0,2013,48347.0
6595.0,2013,114926.0
6602.0,2013,30935.0
6609.0,2013,40527.0
6616.0,2013,5972.0
6623.0,2013,106863.0
6630.0,2013,3760.0
6638.0,2013,324228.0
6644.0,2013,27614.0
6648.0,2013,88936.0
6651.0,2013,15668.0
6655.0,2013,10156.0
6658.0,2013,610259.0
6665.0,2013,34644.0
6672.0,2013,15566.0
6679.0,2013,16589.0
6686.0,2013,23852.0
6693.0,2013,12848.0
6700.0,2013,21242.0
6707.0,2013,33241.0
6721.0,2013,8740.0
6714.0,2013,34087.0
6728.0,2013,23976.0
6735.0,2013,23910.0
6742.0,2013,8571.0
6749.0,2013,167726.0
6756.0,2013,294597.0
6760.0,2013,286386.0
6763.0,2013,149589.0
6770.0,2013,60788.0
6778.0,2013,65051.0
6784.0,2013,10567.0
6791.0,2013,129214.0
6798.0,2013,9510.0
6805.0,2013,404649.0
6812.0,2013,1788.0
6819.0,2013,13165.0
6826.0,2013,44369.0
6833.0,2013,57520.0
6840.0,2013,343617.0
6847.0,2013,8562.0
6854.0,2013,36439.0
6861.0,2013,270598.0
6868.0,2013,33788.0
6875.0,2013,32784.0
6882.0,2013,119081.0
6007.0,2014,17330.0
6014.0,2014,12065.0
6021.0,2014,10850.0
6028.0,2014,574263.0
6077.0,2014,30117.0
6035.0,2014,350080.0
6042.0,2014,20832.0
6049.0,2014,66598.0
6056.0,2014,306657.0
6063.0,2014,44816.0
6070.0,2014,34371.0
6084.0,2014,20472.0
6091.0,2014,342682.0
6098.0,2014,92246.0
6105.0,2014,35092.0
6112.0,2014,41891.0
6119.0,2014,28371.0
6126.0,2014,99415.0
6134.0,2014,56579.0
6140.0,2014,15329.0
6147.0,2014,22947.0
6154.0,2014,11676.0
6161.0,2014,15121.0
6168.0,2014,8437.0
6210.0,2014,50546.0
6218.0,2014,38356.20473
6224.0,2014,66228.0
6175.0,2014,25901.0
6182.0,2014,63044.0
6189.0,2014,15668.0
6196.0,2014,22760.0
6203.0,2014,39336.0
6231.0,2014,17508.0
6238.0,2014,27860.0
6245.0,2014,59062.0
6252.0,2014,231337.0
6260.0,2014,331031.0
6266.0,2014,32659.0
6270.0,2014,186842.0
6274.0,2014,464939.0
6277.0,2014,9228.0
6280.0,2014,41632.0
6287.0,2014,11336.0
6294.0,2014,15050.0
6301.0,2014,18230.0
6308.0,2014,2862.0
6315.0,2014,20594.0
6322.0,2014,10788.0
6329.0,2014,15978.0
6336.0,2014,4023.0
6343.0,2014,11489.0
6351.0,2014,11423.0
6357.0,2014,637637.0
6364.0,2014,96643.0
6371.0,2014,421009.0
6385.0,2014,18451.0
6392.0,2014,32009.0
6399.0,2014,12195.0
6406.0,2014,9909.0
6408.0,2014,187174.0
6410.0,2014,173981.0
6412.0,2014,284145.0
6413.0,2014,93013.0
6420.0,2014,73580.0
6427.0,2014,1986784.0
6441.0,2014,681831.0
6434.0,2014,463251.0
6448.0,2014,10544.0
6455.0,2014,24215.0
6462.0,2014,17150.0
6466.0,2014,5942.795266
6469.0,2014,42248.0
6476.0,2014,17925.0
6483.0,2014,37854.0
6490.0,2014,632842.0
6497.0,2014,112263.0
6505.0,2014,19697.0
6511.0,2014,10301.0
6515.0,2014,339152.0
6518.0,2014,23019.0
6525.0,2014,59385.0
6532.0,2014,65437.0
6539.0,2014,561566.0
6547.0,2014,22207.0
6553.0,2014,6895.0
6560.0,2014,489912.0
6568.0,2014,321920.0
6574.0,2014,17609.0
6581.0,2014,94673.0
6588.0,2014,48413.0
6595.0,2014,115706.0
6602.0,2014,31094.0
6609.0,2014,40664.0
6616.0,2014,5983.0
6623.0,2014,107332.0
6630.0,2014,3791.0
6638.0,2014,332268.0
6644.0,2014,28206.0
6648.0,2014,91467.0
6651.0,2014,15576.0
6655.0,2014,10219.0
6658.0,2014,618106.0
6665.0,2014,35109.0
6672.0,2014,15656.0
6679.0,2014,16663.0
6686.0,2014,23924.0
6693.0,2014,13000.0
6700.0,2014,21346.0
6707.0,2014,33542.0
6721.0,2014,8750.0
6714.0,2014,34494.0
6728.0,2014,24240.0
6735.0,2014,24111.0
6742.0,2014,8605.0
6749.0,2014,168793.0
6756.0,2014,294215.0
6760.0,2014,289135.0
6763.0,2014,150441.0
6770.0,2014,61219.0
6778.0,2014,66856.0
6784.0,2014,10707.0
6791.0,2014,130718.0
6798.0,2014,9598.0
6805.0,2014,413442.0
6812.0,2014,1791.0
6819.0,2014,13281.0
6826.0,2014,44708.0
6833.0,2014,57533.0
6840.0,2014,343701.0
6847.0,2014,8600.0
6854.0,2014,36533.0
6861.0,2014,270139.0
6868.0,2014,34421.0
6875.0,2014,33312.0
6882.0,2014,120425.0
6007.0,2015,17356.0
6014.0,2015,12040.0
6021.0,2015,10875.0
6028.0,2015,578513.0
6077.0,2015,30326.0
6035.0,2015,351165.0
6042.0,2015,20911.0
6049.0,2015,66782.0
6056.0,2015,307250.0
6063.0,2015,44966.0
6070.0,2015,34710.0
6084.0,2015,20482.0
6091.0,2015,346658.0
6098.0,2015,93015.0
6105.0,2015,35244.0
6112.0,2015,41935.0
6119.0,2015,28828.0
6126.0,2015,100474.0
6134.0,2015,57673.0
6140.0,2015,15512.0
6147.0,2015,23078.0
6154.0,2015,11675.0
6161.0,2015,15197.0
6168.0,2015,8478.0
6210.0,2015,50907.0
6218.0,2015,38714.21096
6224.0,2015,66605.0
6175.0,2015,26105.0
6182.0,2015,63124.0
6189.0,2015,15589.0
6196.0,2015,22659.0
6203.0,2015,39506.0
6231.0,2015,17629.0
6238.0,2015,28007.0
6245.0,2015,59532.0
6252.0,2015,235408.0
6260.0,2015,337890.0
6266.0,2015,33330.0
6270.0,2015,192430.0
6274.0,2015,473950.0
6277.0,2015,9300.0
6280.0,2015,42066.0
6287.0,2015,11361.0
6294.0,2015,15052.0
6301.0,2015,18414.0
6308.0,2015,2867.0
6315.0,2015,20767.0
6322.0,2015,10763.0
6329.0,2015,16226.0
6336.0,2015,4099.0
6343.0,2015,11536.0
6351.0,2015,11438.0
6357.0,2015,640855.0
6364.0,2015,98895.0
6371.0,2015,421725.0
6385.0,2015,18505.0
6392.0,2015,32232.0
6399.0,2015,12263.0
6406.0,2015,9970.0
6408.0,2015,188280.0
6410.0,2015,175177.0
6412.0,2015,288228.0
6413.0,2015,93115.0
6420.0,2015,74439.0
6427.0,2015,2037428.0
6441.0,2015,687378.0
6434.0,2015,463178.0
6448.0,2015,10606.0
6455.0,2015,24244.0
6462.0,2015,17200.0
6466.0,2015,6007.789037
6469.0,2015,42259.0
6476.0,2015,17986.0
6483.0,2015,38208.0
6490.0,2015,635593.0
6497.0,2015,113564.0
6505.0,2015,19883.0
6511.0,2015,10314.0
6515.0,2015,342798.0
6518.0,2015,23420.0
6525.0,2015,60607.0
6532.0,2015,65844.0
6539.0,2015,569165.0
6547.0,2015,22482.0
6553.0,2015,6980.0
6560.0,2015,498713.0
6568.0,2015,321351.0
6574.0,2015,17712.0
6581.0,2015,94902.0
6588.0,2015,48475.0
6595.0,2015,116473.0
6602.0,2015,31250.0
6609.0,2015,40798.0
6616.0,2015,5995.0
6623.0,2015,107794.0
6630.0,2015,3821.0
6638.0,2015,340189.0
6644.0,2015,28789.0
6648.0,2015,93960.0
6651.0,2015,15486.0
6655.0,2015,10282.0
6658.0,2015,626006.0
6665.0,2015,35567.0
6672.0,2015,15743.0
6679.0,2015,16746.0
6686.0,2015,23995.0
6693.0,2015,13151.0
6700.0,2015,21449.0
6707.0,2015,33839.0
6721.0,2015,8760.0
6714.0,2015,34894.0
6728.0,2015,24500.0
6735.0,2015,24307.0
6742.0,2015,8638.0
6749.0,2015,169844.0
6756.0,2015,293848.0
6760.0,2015,291845.0
6763.0,2015,151279.0
6770.0,2015,61644.0
6778.0,2015,68634.0
6784.0,2015,10846.0
6791.0,2015,132199.0
6798.0,2015,9686.0
6805.0,2015,422108.0
6812.0,2015,1794.0
6819.0,2015,13395.0
6826.0,2015,45043.0
6833.0,2015,57543.0
6840.0,2015,343792.0
6847.0,2015,8646.0
6854.0,2015,36627.0
6861.0,2015,269705.0
6868.0,2015,35044.0
6875.0,2015,33830.0
6882.0,2015,121748.0
6007.0,2016,17382.0
6014.0,2016,12016.0
6021.0,2016,10900.0
6028.0,2016,582541.0
6077.0,2016,30532.0
6035.0,2016,352246.0
6042.0,2016,20990.0
6049.0,2016,66965.0
6056.0,2016,307836.0
6063.0,2016,45116.0
6070.0,2016,35045.0
6084.0,2016,20493.0
6091.0,2016,350578.0
6098.0,2016,93773.0
6105.0,2016,35393.0
6112.0,2016,41978.0
6119.0,2016,29279.0
6126.0,2016,101518.0
6134.0,2016,58752.0
6140.0,2016,15692.0
6147.0,2016,23206.0
6154.0,2016,11674.0
6161.0,2016,15271.0
6168.0,2016,8517.0
6210.0,2016,51263.0
6218.0,2016,39067.99908
6224.0,2016,66976.0
6175.0,2016,26305.0
6182.0,2016,63203.0
6189.0,2016,15511.0
6196.0,2016,22561.0
6203.0,2016,39673.0
6231.0,2016,17747.0
6238.0,2016,28152.0
6245.0,2016,59995.0
6252.0,2016,239461.0
6260.0,2016,344795.0
6266.0,2016,33991.0
6270.0,2016,197895.0
6274.0,2016,482757.0
6277.0,2016,9371.0
6280.0,2016,42494.0
6287.0,2016,11385.0
6294.0,2016,15054.0
6301.0,2016,18594.0
6308.0,2016,2872.0
6315.0,2016,20938.0
6322.0,2016,10738.0
6329.0,2016,16469.0
6336.0,2016,4172.0
6343.0,2016,11583.0
6351.0,2016,11452.0
6357.0,2016,644055.0
6364.0,2016,101116.0
6371.0,2016,422440.0
6385.0,2016,18556.0
6392.0,2016,32451.0
6399.0,2016,12329.0
6406.0,2016,10029.0
6408.0,2016,189371.0
6410.0,2016,176356.0
6412.0,2016,292304.0
6413.0,2016,93168.0
6420.0,2016,75285.0
6427.0,2016,2087359.0
6441.0,2016,692779.0
6434.0,2016,463106.0
6448.0,2016,10668.0
6455.0,2016,24272.0
6462.0,2016,17250.0
6466.0,2016,6072.000915
6469.0,2016,42270.0
6476.0,2016,18047.0
6483.0,2016,38557.0
6490.0,2016,638287.0
6497.0,2016,114848.0
6505.0,2016,20041.0
6511.0,2016,10328.0
6515.0,2016,346406.0
6518.0,2016,23816.0
6525.0,2016,61811.0
6532.0,2016,66245.0
6539.0,2016,576737.0
6547.0,2016,22832.0
6553.0,2016,7064.0
6560.0,2016,507403.0
6568.0,2016,320781.0
6574.0,2016,17815.0
6581.0,2016,95126.0
6588.0,2016,48539.0
6595.0,2016,117230.0
6602.0,2016,31405.0
6609.0,2016,40930.0
6616.0,2016,6007.0
6623.0,2016,108251.0
6630.0,2016,3851.0
6638.0,2016,347998.0
6644.0,2016,29364.0
6648.0,2016,96420.0
6651.0,2016,15396.0
6655.0,2016,10343.0
6658.0,2016,633913.0
6665.0,2016,36018.0
6672.0,2016,15830.0
6679.0,2016,16826.0
6686.0,2016,24065.0
6693.0,2016,13298.0
6700.0,2016,21551.0
6707.0,2016,34131.0
6721.0,2016,8769.0
6714.0,2016,35288.0
6728.0,2016,24755.0
6735.0,2016,24501.0
6742.0,2016,8671.0
6749.0,2016,170880.0
6756.0,2016,293496.0
6760.0,2016,294370.0
6763.0,2016,152106.0
6770.0,2016,62061.0
6778.0,2016,70388.0
6784.0,2016,10983.0
6791.0,2016,133659.0
6798.0,2016,9772.0
6805.0,2016,430660.0
6812.0,2016,1796.0
6819.0,2016,13507.0
6826.0,2016,45373.0
6833.0,2016,57556.0
6840.0,2016,343877.0
6847.0,2016,8686.0
6854.0,2016,36718.0
6861.0,2016,269294.0
6868.0,2016,35660.0
6875.0,2016,34341.0
6882.0,2016,123054.0
6007.0,2017,17407.0
6014.0,2017,11992.0
6021.0,2017,10924.0
6028.0,2017,586564.0
6077.0,2017,30735.0
6035.0,2017,353273.0
6042.0,2017,21067.0
6049.0,2017,67144.0
6056.0,2017,308413.0
6063.0,2017,45262.0
6070.0,2017,35375.0
6084.0,2017,20503.0
6091.0,2017,354447.0
6098.0,2017,94522.0
6105.0,2017,35540.0
6112.0,2017,42020.0
6119.0,2017,29725.0
6126.0,2017,102549.0
6134.0,2017,59817.0
6140.0,2017,15869.0
6147.0,2017,23334.0
6154.0,2017,11673.0
6161.0,2017,15345.0
6168.0,2017,8556.0
6210.0,2017,51615.0
6218.0,2017,39416.68129
6224.0,2017,67343.0
6175.0,2017,26503.0
6182.0,2017,63281.0
6189.0,2017,15435.0
6196.0,2017,22463.0
6203.0,2017,39838.0
6231.0,2017,17863.0
6238.0,2017,28296.0
6245.0,2017,60452.0
6252.0,2017,243456.0
6260.0,2017,351564.0
6266.0,2017,34643.0
6270.0,2017,203292.0
6274.0,2017,491652.0
6277.0,2017,9441.0
6280.0,2017,42917.0
6287.0,2017,11410.0
6294.0,2017,15056.0
6301.0,2017,18773.0
6308.0,2017,2877.0
6315.0,2017,21106.0
6322.0,2017,10713.0
6329.0,2017,16710.0
6336.0,2017,4246.0
6343.0,2017,11629.0
6351.0,2017,11467.0
6357.0,2017,647215.0
6364.0,2017,103308.0
6371.0,2017,423153.0
6385.0,2017,18608.0
6392.0,2017,32667.0
6399.0,2017,12394.0
6406.0,2017,10089.0
6408.0,2017,190447.0
6410.0,2017,177521.0
6412.0,2017,296279.0
6413.0,2017,93221.0
6420.0,2017,76121.0
6427.0,2017,2136695.0
6441.0,2017,698164.0
6434.0,2017,463034.0
6448.0,2017,10728.0
6455.0,2017,24300.0
6462.0,2017,17300.0
6466.0,2017,6135.31871
6469.0,2017,42281.0
6476.0,2017,18107.0
6483.0,2017,38900.0
6490.0,2017,640916.0
6497.0,2017,116114.0
6505.0,2017,20195.0
6511.0,2017,10343.0
6515.0,2017,349867.0
6518.0,2017,24206.0
6525.0,2017,63001.0
6532.0,2017,66640.0
6539.0,2017,584267.0
6547.0,2017,23127.0
6553.0,2017,7147.0
6560.0,2017,516093.0
6568.0,2017,320218.0
6574.0,2017,17914.0
6581.0,2017,95348.0
6588.0,2017,48601.0
6595.0,2017,117977.0
6602.0,2017,31557.0
6609.0,2017,41060.0
6616.0,2017,6020.0
6623.0,2017,108700.0
6630.0,2017,3880.0
6638.0,2017,355707.0
6644.0,2017,29931.0
6648.0,2017,98847.0
6651.0,2017,15309.0
6655.0,2017,10404.0
6658.0,2017,641742.0
6665.0,2017,36463.0
6672.0,2017,15916.0
6679.0,2017,16904.0
6686.0,2017,24134.0
6693.0,2017,13444.0
6700.0,2017,21651.0
6707.0,2017,34420.0
6721.0,2017,8779.0
6714.0,2017,35678.0
6728.0,2017,25008.0
6735.0,2017,24693.0
6742.0,2017,8704.0
6749.0,2017,171902.0
6756.0,2017,293157.0
6760.0,2017,296861.0
6763.0,2017,152922.0
6770.0,2017,62474.0
6778.0,2017,72118.0
6784.0,2017,11117.0
6791.0,2017,135101.0
6798.0,2017,9856.0
6805.0,2017,438906.0
6812.0,2017,1799.0
6819.0,2017,13619.0
6826.0,2017,45699.0
6833.0,2017,57572.0
6840.0,2017,343917.0
6847.0,2017,8726.0
6854.0,2017,36808.0
6861.0,2017,268897.0
6868.0,2017,36266.0
6875.0,2017,34847.0
6882.0,2017,124342.0
6007.0,2018,17433.0
6014.0,2018,11968.0
6021.0,2018,10948.0
6028.0,2018,590418.0
6077.0,2018,30936.0
6035.0,2018,354314.0
6042.0,2018,21143.0
6049.0,2018,67321.0
6056.0,2018,308982.0
6063.0,2018,45408.0
6070.0,2018,35701.0
6084.0,2018,20513.0
6091.0,2018,358262.0
6098.0,2018,95259.0
6105.0,2018,35684.0
6112.0,2018,42062.0
6119.0,2018,30164.0
6126.0,2018,103565.0
6134.0,2018,60867.0
6140.0,2018,16044.0
6147.0,2018,23459.0
6154.0,2018,11672.0
6161.0,2018,15418.0
6168.0,2018,8595.0
6210.0,2018,51962.0
6218.0,2018,39760.31282
6224.0,2018,67705.0
6175.0,2018,26697.0
6182.0,2018,63358.0
6189.0,2018,15359.0
6196.0,2018,22368.0
6203.0,2018,40001.0
6231.0,2018,17979.0
6238.0,2018,28438.0
6245.0,2018,60903.0
6252.0,2018,247385.0
6260.0,2018,358342.0
6266.0,2018,35287.0
6270.0,2018,208615.0
6274.0,2018,500225.0
6277.0,2018,9510.0
6280.0,2018,43334.0
6287.0,2018,11433.0
6294.0,2018,15058.0
6301.0,2018,18949.0
6308.0,2018,2882.0
6315.0,2018,21273.0
6322.0,2018,10689.0
6329.0,2018,16948.0
6336.0,2018,4318.0
6343.0,2018,11674.0
6351.0,2018,11481.0
6357.0,2018,650332.0
6364.0,2018,105469.0
6371.0,2018,423877.0
6385.0,2018,18659.0
6392.0,2018,32880.0
6399.0,2018,12458.0
6406.0,2018,10148.0
6408.0,2018,191508.0
6410.0,2018,178670.0
6412.0,2018,300035.0
6413.0,2018,93274.0
6420.0,2018,76945.0
6427.0,2018,2185597.0
6441.0,2018,703504.0
6434.0,2018,462964.0
6448.0,2018,10788.0
6455.0,2018,24328.0
6462.0,2018,17348.0
6466.0,2018,6197.687184
6469.0,2018,42291.0
6476.0,2018,18166.0
6483.0,2018,39239.0
6490.0,2018,643437.0
6497.0,2018,117364.0
6505.0,2018,20346.0
6511.0,2018,10357.0
6515.0,2018,353281.0
6518.0,2018,24591.0
6525.0,2018,64174.0
6532.0,2018,67030.0
6539.0,2018,591763.0
6547.0,2018,23396.0
6553.0,2018,7230.0
6560.0,2018,524675.0
6568.0,2018,319674.0
6574.0,2018,18013.0
6581.0,2018,95568.0
6588.0,2018,48661.0
6595.0,2018,118715.0
6602.0,2018,31708.0
6609.0,2018,41189.0
6616.0,2018,6032.0
6623.0,2018,109145.0
6630.0,2018,3909.0
6638.0,2018,363309.0
6644.0,2018,30491.0
6648.0,2018,101239.0
6651.0,2018,15223.0
6655.0,2018,10463.0
6658.0,2018,649480.0
6665.0,2018,36902.0
6672.0,2018,16000.0
6679.0,2018,16978.0
6686.0,2018,24203.0
6693.0,2018,13587.0
6700.0,2018,21750.0
6707.0,2018,34705.0
6721.0,2018,8789.0
6714.0,2018,36061.0
6728.0,2018,25257.0
6735.0,2018,24882.0
6742.0,2018,8734.0
6749.0,2018,172911.0
6756.0,2018,292831.0
6760.0,2018,299319.0
6763.0,2018,153728.0
6770.0,2018,62881.0
6778.0,2018,73825.0
6784.0,2018,11250.0
6791.0,2018,136522.0
6798.0,2018,9940.0
6805.0,2018,447040.0
6812.0,2018,1801.0
6819.0,2018,13728.0
6826.0,2018,46019.0
6833.0,2018,57590.0
6840.0,2018,343961.0
6847.0,2018,8764.0
6854.0,2018,36897.0
6861.0,2018,268509.0
6868.0,2018,36865.0
6875.0,2018,35344.0
6882.0,2018,125613.0
6007.0,2019,17458.0
6014.0,2019,11944.0
6021.0,2019,10972.0
6028.0,2019,594270.0
6077.0,2019,31133.0
6035.0,2019,355352.0
6042.0,2019,21218.0
6049.0,2019,67495.0
6056.0,2019,309544.0
6063.0,2019,45551.0
6070.0,2019,36022.0
6084.0,2019,20523.0
6091.0,2019,362021.0
6098.0,2019,95987.0
6105.0,2019,35828.0
6112.0,2019,42103.0
6119.0,2019,30597.0
6126.0,2019,104566.0
6134.0,2019,61903.0
6140.0,2019,16216.0
6147.0,2019,23583.0
6154.0,2019,11671.0
6161.0,2019,15489.0
6168.0,2019,8633.0
6210.0,2019,52304.0
6218.0,2019,40099.69862
6224.0,2019,68062.0
6175.0,2019,26889.0
6182.0,2019,63433.0
6189.0,2019,15285.0
6196.0,2019,22273.0
6203.0,2019,40162.0
6231.0,2019,18093.0
6238.0,2019,28576.0
6245.0,2019,61346.0
6252.0,2019,251245.0
6260.0,2019,364641.0
6266.0,2019,35922.0
6270.0,2019,213864.0
6274.0,2019,508671.0
6277.0,2019,9578.0
6280.0,2019,43744.0
6287.0,2019,11456.0
6294.0,2019,15059.0
6301.0,2019,19123.0
6308.0,2019,2887.0
6315.0,2019,21436.0
6322.0,2019,10665.0
6329.0,2019,17182.0
6336.0,2019,4389.0
6343.0,2019,11719.0
6351.0,2019,11494.0
6357.0,2019,653406.0
6364.0,2019,107599.0
6371.0,2019,424567.0
6385.0,2019,18709.0
6392.0,2019,33090.0
6399.0,2019,12522.0
6406.0,2019,10205.0
6408.0,2019,192554.0
6410.0,2019,179801.0
6412.0,2019,303896.0
6413.0,2019,93329.0
6420.0,2019,77756.0
6427.0,2019,2233860.0
6441.0,2019,708733.0
6434.0,2019,462895.0
6448.0,2019,10847.0
6455.0,2019,24355.0
6462.0,2019,17396.0
6466.0,2019,6259.301384
6469.0,2019,42302.0
6476.0,2019,18224.0
6483.0,2019,39573.0
6490.0,2019,645880.0
6497.0,2019,118593.0
6505.0,2019,20493.0
6511.0,2019,10372.0
6515.0,2019,356643.0
6518.0,2019,24971.0
6525.0,2019,65329.0
6532.0,2019,67415.0
6539.0,2019,599119.0
6547.0,2019,23699.0
6553.0,2019,7310.0
6560.0,2019,533292.0
6568.0,2019,319138.0
6574.0,2019,18110.0
6581.0,2019,95783.0
6588.0,2019,48721.0
6595.0,2019,119441.0
6602.0,2019,31856.0
6609.0,2019,41316.0
6616.0,2019,6045.0
6623.0,2019,109582.0
6630.0,2019,3937.0
6638.0,2019,370798.0
6644.0,2019,31042.0
6648.0,2019,103597.0
6651.0,2019,15137.0
6655.0,2019,10521.0
6658.0,2019,657123.0
6665.0,2019,37335.0
6672.0,2019,16083.0
6679.0,2019,17050.0
6686.0,2019,24269.0
6693.0,2019,13726.0
6700.0,2019,21847.0
6707.0,2019,34985.0
6721.0,2019,8799.0
6714.0,2019,36440.0
6728.0,2019,25502.0
6735.0,2019,25068.0
6742.0,2019,8766.0
6749.0,2019,173904.0
6756.0,2019,292520.0
6760.0,2019,301740.0
6763.0,2019,154520.0
6770.0,2019,63283.0
6778.0,2019,75506.0
6784.0,2019,11382.0
6791.0,2019,137922.0
6798.0,2019,10022.0
6805.0,2019,455056.0
6812.0,2019,1804.0
6819.0,2019,13836.0
6826.0,2019,46336.0
6833.0,2019,57611.0
6840.0,2019,344011.0
6847.0,2019,8801.0
6854.0,2019,36985.0
6861.0,2019,268064.0
6868.0,2019,37454.0
6875.0,2019,35834.0
6882.0,2019,126865.0
6007.0,2020,17483.0
6014.0,2020,11922.0
6021.0,2020,10995.0
6028.0,2020,597969.0
6077.0,2020,31328.0
6035.0,2020,356392.0
6042.0,2020,21291.0
6049.0,2020,67667.0
6056.0,2020,310095.0
6063.0,2020,45691.0
6070.0,2020,36338.0
6084.0,2020,20532.0
6091.0,2020,365771.0
6098.0,2020,96701.0
6105.0,2020,35969.0
6112.0,2020,42144.0
6119.0,2020,31023.0
6126.0,2020,105552.0
6134.0,2020,62921.0
6140.0,2020,16387.0
6147.0,2020,23704.0
6154.0,2020,11671.0
6161.0,2020,15560.0
6168.0,2020,8671.0
6210.0,2020,52640.0
6218.0,2020,40434.00612
6224.0,2020,68412.0
6175.0,2020,27078.0
6182.0,2020,63508.0
6189.0,2020,15212.0
6196.0,2020,22180.0
6203.0,2020,40320.0
6231.0,2020,18204.0
6238.0,2020,28714.0
6245.0,2020,61783.0
6252.0,2020,255073.0
6260.0,2020,370900.0
6266.0,2020,36545.0
6270.0,2020,219031.0
6274.0,2020,517082.0
6277.0,2020,9645.0
6280.0,2020,44149.0
6287.0,2020,11480.0
6294.0,2020,15061.0
6301.0,2020,19293.0
6308.0,2020,2892.0
6315.0,2020,21596.0
6322.0,2020,10642.0
6329.0,2020,17412.0
6336.0,2020,4459.0
6343.0,2020,11763.0
6351.0,2020,11508.0
6357.0,2020,656456.0
6364.0,2020,109695.0
6371.0,2020,425265.0
6385.0,2020,18758.0
6392.0,2020,33297.0
6399.0,2020,12584.0
6406.0,2020,10262.0
6408.0,2020,193583.0
6410.0,2020,180914.0
6412.0,2020,307443.0
6413.0,2020,93384.0
6420.0,2020,78554.0
6427.0,2020,2281194.0
6441.0,2020,713947.0
6434.0,2020,462827.0
6448.0,2020,10905.0
6455.0,2020,24382.0
6462.0,2020,17442.0
6466.0,2020,6319.993881
6469.0,2020,42312.0
6476.0,2020,18281.0
6483.0,2020,39901.0
6490.0,2020,648312.0
6497.0,2020,119805.0
6505.0,2020,20613.0
6511.0,2020,10388.0
6515.0,2020,359953.0
6518.0,2020,25344.0
6525.0,2020,66466.0
6532.0,2020,67793.0
6539.0,2020,606413.0
6547.0,2020,23896.0
6553.0,2020,7390.0
6560.0,2020,541691.0
6568.0,2020,318632.0
6574.0,2020,18206.0
6581.0,2020,95995.0
6588.0,2020,48780.0
6595.0,2020,120154.0
6602.0,2020,32002.0
6609.0,2020,41441.0
6616.0,2020,6058.0
6623.0,2020,110012.0
6630.0,2020,3966.0
6638.0,2020,378167.0
6644.0,2020,31584.0
6648.0,2020,105918.0
6651.0,2020,15054.0
6655.0,2020,10579.0
6658.0,2020,664783.0
6665.0,2020,37761.0
6672.0,2020,16165.0
6679.0,2020,17119.0
6686.0,2020,24336.0
6693.0,2020,13863.0
6700.0,2020,21943.0
6707.0,2020,35261.0
6721.0,2020,8810.0
6714.0,2020,36812.0
6728.0,2020,25744.0
6735.0,2020,25251.0
6742.0,2020,8797.0
6749.0,2020,174883.0
6756.0,2020,292224.0
6760.0,2020,304122.0
6763.0,2020,155301.0
6770.0,2020,63677.0
6778.0,2020,77161.0
6784.0,2020,11510.0
6791.0,2020,139300.0
6798.0,2020,10103.0
6805.0,2020,462998.0
6812.0,2020,1807.0
6819.0,2020,13942.0
6826.0,2020,46648.0
6833.0,2020,57634.0
6840.0,2020,344067.0
6847.0,2020,8837.0
6854.0,2020,37071.0
6861.0,2020,267655.0
6868.0,2020,38034.0
6875.0,2020,36315.0
6882.0,2020,128096.0
6007.0,2021,17507.0
6014.0,2021,11899.0
6021.0,2021,11018.0
6028.0,2021,601618.0
6077.0,2021,31520.0
6035.0,2021,357440.0
6042.0,2021,21364.0
6049.0,2021,67835.0
6056.0,2021,310639.0
6063.0,2021,45829.0
6070.0,2021,36649.0
6084.0,2021,20542.0
6091.0,2021,369294.0
6098.0,2021,97406.0
6105.0,2021,36108.0
6112.0,2021,42184.0
6119.0,2021,31442.0
6126.0,2021,106522.0
6134.0,2021,63923.0
6140.0,2021,16553.0
6147.0,2021,23824.0
6154.0,2021,11669.0
6161.0,2021,15629.0
6168.0,2021,8708.0
6210.0,2021,52971.0
6218.0,2021,40761.54256
6224.0,2021,68758.0
6175.0,2021,27264.0
6182.0,2021,63581.0
6189.0,2021,15141.0
6196.0,2021,22089.0
6203.0,2021,40474.0
6231.0,2021,18314.0
6238.0,2021,28849.0
6245.0,2021,62214.0
6252.0,2021,258805.0
6260.0,2021,377237.0
6266.0,2021,37161.0
6270.0,2021,224228.0
6274.0,2021,525270.0
6277.0,2021,9711.0
6280.0,2021,44546.0
6287.0,2021,11503.0
6294.0,2021,15062.0
6301.0,2021,19461.0
6308.0,2021,2897.0
6315.0,2021,21755.0
6322.0,2021,10619.0
6329.0,2021,17639.0
6336.0,2021,4528.0
6343.0,2021,11806.0
6351.0,2021,11521.0
6357.0,2021,659462.0
6364.0,2021,111759.0
6371.0,2021,425911.0
6385.0,2021,18807.0
6392.0,2021,33501.0
6399.0,2021,12646.0
6406.0,2021,10318.0
6408.0,2021,194597.0
6410.0,2021,182011.0
6412.0,2021,311187.0
6413.0,2021,93440.0
6420.0,2021,79341.0
6427.0,2021,2327874.0
6441.0,2021,719013.0
6434.0,2021,462760.0
6448.0,2021,10962.0
6455.0,2021,24410.0
6462.0,2021,17489.0
6466.0,2021,6379.457443
6469.0,2021,42323.0
6476.0,2021,18338.0
6483.0,2021,40225.0
6490.0,2021,650678.0
6497.0,2021,120998.0
6505.0,2021,20729.0
6511.0,2021,10402.0
6515.0,2021,363263.0
6518.0,2021,25712.0
6525.0,2021,67586.0
6532.0,2021,68165.0
6539.0,2021,613509.0
6547.0,2021,24198.0
6553.0,2021,7468.0
6560.0,2021,549930.0
6568.0,2021,318104.0
6574.0,2021,18301.0
6581.0,2021,96204.0
6588.0,2021,48838.0
6595.0,2021,120858.0
6602.0,2021,32146.0
6609.0,2021,41564.0
6616.0,2021,6072.0
6623.0,2021,110435.0
6630.0,2021,3994.0
6638.0,2021,385426.0
6644.0,2021,32119.0
6648.0,2021,108203.0
6651.0,2021,14972.0
6655.0,2021,10635.0
6658.0,2021,672199.0
6665.0,2021,38180.0
6672.0,2021,16246.0
6679.0,2021,17184.0
6686.0,2021,24401.0
6693.0,2021,13998.0
6700.0,2021,22037.0
6707.0,2021,35533.0
6721.0,2021,8819.0
6714.0,2021,37179.0
6728.0,2021,25981.0
6735.0,2021,25431.0
6742.0,2021,8827.0
6749.0,2021,175845.0
6756.0,2021,291963.0
6760.0,2021,306469.0
6763.0,2021,156069.0
6770.0,2021,64066.0
6778.0,2021,78791.0
6784.0,2021,11637.0
6791.0,2021,140657.0
6798.0,2021,10183.0
6805.0,2021,470776.0
6812.0,2021,1809.0
6819.0,2021,14047.0
6826.0,2021,46954.0
6833.0,2021,57660.0
6840.0,2021,344117.0
6847.0,2021,8872.0
6854.0,2021,37156.0
6861.0,2021,267257.0
6868.0,2021,38606.0
6875.0,2021,36790.0
6882.0,2021,129309.0
6007.0,2022,17552.0
6014.0,2022,12914.0
6021.0,2022,12982.0
6028.0,2022,584827.0
6077.0,2022,32215.0
6035.0,2022,367554.0
6042.0,2022,21977.0
6049.0,2022,75905.0
6056.0,2022,336557.0
6063.0,2022,48982.0
6070.0,2022,40002.0
6084.0,2022,22292.0
6091.0,2022,358712.0
6098.0,2022,100930.0
6105.0,2022,37594.0
6112.0,2022,46504.0
6119.0,2022,32448.0
6126.0,2022,110566.0
6134.0,2022,70684.0
6140.0,2022,15965.0
6147.0,2022,23100.0
6154.0,2022,14079.0
6161.0,2022,17499.0
6168.0,2022,9594.0
6210.0,2022,52729.0
6218.0,2022,42452.0
6224.0,2022,70839.0
6175.0,2022,27504.0
6182.0,2022,67503.0
6189.0,2022,15968.0
6196.0,2022,24420.0
6203.0,2022,42110.0
6231.0,2022,18422.0
6238.0,2022,32032.0
6245.0,2022,63997.0
6252.0,2022,256268.0
6260.0,2022,338480.0
6266.0,2022,40159.0
6270.0,2022,201511.0
6274.0,2022,496433.0
6277.0,2022,10790.0
6280.0,2022,45526.0
6287.0,2022,12631.0
6294.0,2022,16350.0
6301.0,2022,20791.0
6308.0,2022,3174.0
6315.0,2022,22624.0
6322.0,2022,11618.0
6329.0,2022,18022.0
6336.0,2022,4870.0
6343.0,2022,14207.0
6351.0,2022,12941.0
6357.0,2022,667082.0
6364.0,2022,142709.0
6371.0,2022,450518.0
6385.0,2022,22649.0
6392.0,2022,35251.0
6399.0,2022,11801.0
6406.0,2022,10661.0
6408.0,2022,185641.0
6410.0,2022,180232.0
6412.0,2022,326992.0
6413.0,2022,103787.0
6420.0,2022,100689.0
6427.0,2022,1841247.0
6441.0,2022,768547.0
6434.0,2022,461267.0
6448.0,2022,11646.0
6455.0,2022,27239.0
6462.0,2022,17266.0
6466.0,2022,6221.0
6469.0,2022,45506.0
6476.0,2022,18243.0
6483.0,2022,41760.0
6490.0,2022,690480.0
6497.0,2022,111251.0
6505.0,2022,26613.0
6511.0,2022,11323.0
6515.0,2022,350674.0
6518.0,2022,33110.0
6525.0,2022,67011.0
6532.0,2022,72980.0
6539.0,2022,582486.0
6547.0,2022,24868.0
6553.0,2022,8465.0
6560.0,2022,576632.0
6568.0,2022,331183.0
6574.0,2022,19899.0
6581.0,2022,102110.0
6588.0,2022,52607.0
6595.0,2022,125751.0
6602.0,2022,37646.0
6609.0,2022,44783.0
6616.0,2022,7143.0
6623.0,2022,115340.0
6630.0,2022,4642.0
6638.0,2022,394754.0
6644.0,2022,39449.0
6648.0,2022,102106.0
6651.0,2022,16613.0
6655.0,2022,12297.0
6658.0,2022,633391.0
6665.0,2022,39730.0
6672.0,2022,16635.0
6679.0,2022,19849.0
6686.0,2022,25627.0
6693.0,2022,13977.0
6700.0,2022,22347.0
6707.0,2022,35656.0
6721.0,2022,9427.0
6714.0,2022,39425.0
6728.0,2022,26510.0
6735.0,2022,26897.0
6742.0,2022,8994.0
6749.0,2022,171616.0
6756.0,2022,297282.0
6760.0,2022,328835.0
6763.0,2022,168041.0
6770.0,2022,68613.0
6778.0,2022,98215.0
6784.0,2022,11786.0
6791.0,2022,145575.0
6798.0,2022,10783.0
6805.0,2022,446949.0
6812.0,2022,2542.0
6819.0,2022,14810.0
6826.0,2022,49499.0
6833.0,2022,62426.0
6840.0,2022,364176.0
6847.0,2022,9164.0
6854.0,2022,35563.0
6861.0,2022,282280.0
6868.0,2022,37463.0
6875.0,2022,32717.0
6882.0,2022,132221.0
